{
  "config": {
    "train_csv": "data/raw/fraudTrain.csv",
    "test_csv": "data/raw/fraudTest.csv",
    "out_dir": "/home/fdu/GitHub/DeepLearningFS26/models/tuning/lstm_no_imbalance_lr_dropout_v1/trial_005_dropout0p5_lr0p003",
    "seq_len": 20,
    "proj_dim": 64,
    "hidden_size": 128,
    "num_layers": 2,
    "dropout": 0.5,
    "batch_size": 256,
    "epochs": 30,
    "lr": 0.003,
    "weight_decay": 1e-05,
    "early_stop_patience": 5,
    "use_smote": false,
    "smote_sampling_strategy": 0.1,
    "val_fraction": 0.15,
    "seed": 42,
    "device": "auto",
    "subset_frac": 1.0,
    "pos_weight_override": 1.0
  },
  "n_features": 78,
  "best_val_pr_auc": 0.9750943720880835,
  "test_default_threshold": {
    "threshold": 0.5,
    "roc_auc": 0.9981636216139642,
    "pr_auc": 0.9597848522270351,
    "fraud_precision": 0.9641232945932289,
    "fraud_recall": 0.8895104895104895,
    "fraud_f1": 0.9253152279340446,
    "confusion_matrix": [
      [
        553503,
        71
      ],
      [
        237,
        1908
      ]
    ],
    "support_pos": 2145,
    "support_neg": 553574
  },
  "test_tuned_threshold": {
    "threshold": 0.12433570623397827,
    "roc_auc": 0.9981636216139642,
    "pr_auc": 0.9597848522270351,
    "fraud_precision": 0.9007773205304069,
    "fraud_recall": 0.9184149184149184,
    "fraud_f1": 0.9095106186518929,
    "confusion_matrix": [
      [
        553357,
        217
      ],
      [
        175,
        1970
      ]
    ],
    "support_pos": 2145,
    "support_neg": 553574
  }
}