{
  "threshold": 0.12433570623397827,
  "f2_on_val": 0.9330861581920903
}