{
  "config": {
    "train_csv": "data/raw/fraudTrain.csv",
    "test_csv": "data/raw/fraudTest.csv",
    "out_dir": "/home/fdu/GitHub/DeepLearningFS26/models/tuning/lstm_lr_dropout_v1/trial_004_dropout0p5_lr0p001",
    "seq_len": 20,
    "proj_dim": 64,
    "hidden_size": 128,
    "num_layers": 2,
    "dropout": 0.5,
    "batch_size": 256,
    "epochs": 30,
    "lr": 0.001,
    "weight_decay": 1e-05,
    "grad_clip": 1.0,
    "early_stop_patience": 5,
    "use_smote": false,
    "smote_sampling_strategy": 0.1,
    "val_fraction": 0.15,
    "seed": 42,
    "device": "auto",
    "subset_frac": 1.0
  },
  "n_features": 78,
  "best_val_pr_auc": 0.8743324607890441,
  "test_default_threshold": {
    "threshold": 0.5,
    "roc_auc": 0.9830108280564769,
    "pr_auc": 0.8878519060473403,
    "fraud_precision": 0.6816546762589928,
    "fraud_recall": 0.8834498834498834,
    "fraud_f1": 0.7695431472081218,
    "confusion_matrix": [
      [
        552689,
        885
      ],
      [
        250,
        1895
      ]
    ],
    "support_pos": 2145,
    "support_neg": 553574
  },
  "test_tuned_threshold": {
    "threshold": 0.9231191277503967,
    "roc_auc": 0.9830108280564769,
    "pr_auc": 0.8878519060473403,
    "fraud_precision": 0.8102992957746479,
    "fraud_recall": 0.8582750582750582,
    "fraud_f1": 0.8335974643423137,
    "confusion_matrix": [
      [
        553143,
        431
      ],
      [
        304,
        1841
      ]
    ],
    "support_pos": 2145,
    "support_neg": 553574
  }
}