{
  "threshold": 0.9231191277503967,
  "f2_on_val": 0.8556366585563664
}