{
  "config": {
    "train_csv": "data/raw/fraudTrain.csv",
    "test_csv": "data/raw/fraudTest.csv",
    "out_dir": "/home/fdu/GitHub/DeepLearningFS26/models/tuning/lstm_no_imbalance_lr_dropout_v4/trial_005_dropout0p5_lr0p003",
    "seq_len": 20,
    "proj_dim": 64,
    "hidden_size": 128,
    "num_layers": 2,
    "dropout": 0.5,
    "batch_size": 128,
    "epochs": 30,
    "lr": 0.003,
    "weight_decay": 1e-05,
    "early_stop_patience": 5,
    "use_smote": false,
    "smote_sampling_strategy": 0.1,
    "val_fraction": 0.15,
    "seed": 42,
    "device": "auto",
    "subset_frac": 1.0,
    "pos_weight_override": 1.0
  },
  "n_features": 78,
  "best_val_pr_auc": 0.9686091508717366,
  "test_default_threshold": {
    "threshold": 0.5,
    "roc_auc": 0.9962788128641293,
    "pr_auc": 0.9481089580548183,
    "fraud_precision": 0.9644329896907217,
    "fraud_recall": 0.8722610722610723,
    "fraud_f1": 0.9160342717258262,
    "confusion_matrix": [
      [
        553505,
        69
      ],
      [
        274,
        1871
      ]
    ],
    "support_pos": 2145,
    "support_neg": 553574
  },
  "test_tuned_threshold": {
    "threshold": 0.07370856404304504,
    "roc_auc": 0.9962788128641293,
    "pr_auc": 0.9481089580548183,
    "fraud_precision": 0.9073467477772579,
    "fraud_recall": 0.903962703962704,
    "fraud_f1": 0.9056515646893974,
    "confusion_matrix": [
      [
        553376,
        198
      ],
      [
        206,
        1939
      ]
    ],
    "support_pos": 2145,
    "support_neg": 553574
  }
}