{
  "threshold": 0.07370856404304504,
  "f2_on_val": 0.926803580832017
}