{
  "config": {
    "train_csv": "data/raw/fraudTrain.csv",
    "test_csv": "data/raw/fraudTest.csv",
    "out_dir": "/home/fdu/GitHub/DeepLearningFS26/models/tuning/lstm_lr_dropout_v1/trial_005_dropout0p5_lr0p003",
    "seq_len": 20,
    "proj_dim": 64,
    "hidden_size": 128,
    "num_layers": 2,
    "dropout": 0.5,
    "batch_size": 256,
    "epochs": 30,
    "lr": 0.003,
    "weight_decay": 1e-05,
    "early_stop_patience": 5,
    "use_smote": false,
    "smote_sampling_strategy": 0.1,
    "val_fraction": 0.15,
    "seed": 42,
    "device": "auto",
    "subset_frac": 1.0,
    "pos_weight_override": null
  },
  "n_features": 78,
  "best_val_pr_auc": 0.944568280678477,
  "test_default_threshold": {
    "threshold": 0.5,
    "roc_auc": 0.9975134309053532,
    "pr_auc": 0.9175010753500901,
    "fraud_precision": 0.23806811709761933,
    "fraud_recall": 0.9743589743589743,
    "fraud_f1": 0.38264372024899307,
    "confusion_matrix": [
      [
        546885,
        6689
      ],
      [
        55,
        2090
      ]
    ],
    "support_pos": 2145,
    "support_neg": 553574
  },
  "test_tuned_threshold": {
    "threshold": 0.9859283566474915,
    "roc_auc": 0.9975134309053532,
    "pr_auc": 0.9175010753500901,
    "fraud_precision": 0.7944630872483222,
    "fraud_recall": 0.882983682983683,
    "fraud_f1": 0.8363877235592846,
    "confusion_matrix": [
      [
        553084,
        490
      ],
      [
        251,
        1894
      ]
    ],
    "support_pos": 2145,
    "support_neg": 553574
  }
}