{
  "config": {
    "train_csv": "data/raw/fraudTrain.csv",
    "test_csv": "data/raw/fraudTest.csv",
    "out_dir": "/home/fdu/GitHub/DeepLearningFS26/models/tuning/lstm_lr_dropout_v1/trial_005_dropout0p5_lr0p003",
    "seq_len": 20,
    "proj_dim": 64,
    "hidden_size": 128,
    "num_layers": 2,
    "dropout": 0.5,
    "batch_size": 256,
    "epochs": 30,
    "lr": 0.003,
    "weight_decay": 1e-05,
    "grad_clip": 1.0,
    "early_stop_patience": 5,
    "use_smote": false,
    "smote_sampling_strategy": 0.1,
    "val_fraction": 0.15,
    "seed": 42,
    "device": "auto",
    "subset_frac": 1.0
  },
  "n_features": 78,
  "best_val_pr_auc": 0.8876728476896675,
  "test_default_threshold": {
    "threshold": 0.5,
    "roc_auc": 0.9866482105436609,
    "pr_auc": 0.8903885647562164,
    "fraud_precision": 0.4186195142735407,
    "fraud_recall": 0.916083916083916,
    "fraud_f1": 0.5746454159964907,
    "confusion_matrix": [
      [
        550845,
        2729
      ],
      [
        180,
        1965
      ]
    ],
    "support_pos": 2145,
    "support_neg": 553574
  },
  "test_tuned_threshold": {
    "threshold": 0.9821346998214722,
    "roc_auc": 0.9866482105436609,
    "pr_auc": 0.8903885647562164,
    "fraud_precision": 0.7645611156685808,
    "fraud_recall": 0.868997668997669,
    "fraud_f1": 0.8134409775256383,
    "confusion_matrix": [
      [
        553000,
        574
      ],
      [
        281,
        1864
      ]
    ],
    "support_pos": 2145,
    "support_neg": 553574
  }
}