{
  "threshold": 0.9859283566474915,
  "f2_on_val": 0.8910123966942151
}