{
  "threshold": 0.9821346998214722,
  "f2_on_val": 0.8502024291497976
}