{
  "config": {
    "train_csv": "data/raw/fraudTrain.csv",
    "test_csv": "data/raw/fraudTest.csv",
    "out_dir": "/home/fdu/GitHub/DeepLearningFS26/models/tuning/lstm_smote_lr_dropout_v1/trial_000_dropout0p3_lr3e-04",
    "seq_len": 20,
    "proj_dim": 64,
    "hidden_size": 128,
    "num_layers": 2,
    "dropout": 0.3,
    "batch_size": 256,
    "epochs": 30,
    "lr": 0.0003,
    "weight_decay": 1e-05,
    "grad_clip": 1.0,
    "early_stop_patience": 5,
    "use_smote": true,
    "smote_sampling_strategy": 0.1,
    "val_fraction": 0.15,
    "seed": 42,
    "device": "auto",
    "subset_frac": 1.0,
    "pos_weight_override": null
  },
  "n_features": 78,
  "best_val_pr_auc": 0.8026827787712313,
  "test_default_threshold": {
    "threshold": 0.5,
    "roc_auc": 0.9740549419642008,
    "pr_auc": 0.7060228416959713,
    "fraud_precision": 0.8150773195876289,
    "fraud_recall": 0.5897435897435898,
    "fraud_f1": 0.6843386529618609,
    "confusion_matrix": [
      [
        553287,
        287
      ],
      [
        880,
        1265
      ]
    ],
    "support_pos": 2145,
    "support_neg": 553574
  },
  "test_tuned_threshold": {
    "threshold": 0.05805443227291107,
    "roc_auc": 0.9740549419642008,
    "pr_auc": 0.7060228416959713,
    "fraud_precision": 0.6248919619706137,
    "fraud_recall": 0.6741258741258741,
    "fraud_f1": 0.6485759138820363,
    "confusion_matrix": [
      [
        552706,
        868
      ],
      [
        699,
        1446
      ]
    ],
    "support_pos": 2145,
    "support_neg": 553574
  }
}