{
  "threshold": 0.05805443227291107,
  "f2_on_val": 0.7686084142394822
}