{
  "config": {
    "train_csv": "data/raw/fraudTrain.csv",
    "test_csv": "data/raw/fraudTest.csv",
    "out_dir": "models/lstm",
    "seq_len": 20,
    "proj_dim": 64,
    "hidden_size": 128,
    "num_layers": 2,
    "dropout": 0.3,
    "batch_size": 128,
    "epochs": 30,
    "lr": 0.0003,
    "weight_decay": 1e-05,
    "early_stop_patience": 5,
    "use_smote": false,
    "smote_sampling_strategy": 0.1,
    "val_fraction": 0.15,
    "seed": 42,
    "device": "auto",
    "subset_frac": 1.0,
    "pos_weight_override": null
  },
  "n_features": 78,
  "best_val_pr_auc": 0.9753586915800057,
  "test_default_threshold": {
    "threshold": 0.5,
    "roc_auc": 0.9974816850869557,
    "pr_auc": 0.9585429167996211,
    "fraud_precision": 0.3415309446254072,
    "fraud_recall": 0.9776223776223776,
    "fraud_f1": 0.5062160531080265,
    "confusion_matrix": [
      [
        549531,
        4043
      ],
      [
        48,
        2097
      ]
    ],
    "support_pos": 2145,
    "support_neg": 553574
  },
  "test_tuned_threshold": {
    "threshold": 0.9808768630027771,
    "roc_auc": 0.9974816850869557,
    "pr_auc": 0.9585429167996211,
    "fraud_precision": 0.8588640275387264,
    "fraud_recall": 0.9305361305361305,
    "fraud_f1": 0.8932647124636384,
    "confusion_matrix": [
      [
        553246,
        328
      ],
      [
        149,
        1996
      ]
    ],
    "support_pos": 2145,
    "support_neg": 553574
  }
}