{
  "threshold": 0.9808768630027771,
  "f2_on_val": 0.9331476323119776
}