{
  "threshold": 0.9608434438705444,
  "f2_on_val": 0.9312870596442273
}