{
  "threshold": 0.9931222796440125,
  "f2_on_val": 0.8518518518518519
}