{
  "threshold": 0.9886885285377502,
  "f2_on_val": 0.9421560035056967
}