{
  "config": {
    "train_csv": "data/raw/fraudTrain.csv",
    "test_csv": "data/raw/fraudTest.csv",
    "out_dir": "/home/fdu/GitHub/DeepLearningFS26/models/tuning/lstm_lr_dropout_v1/trial_003_dropout0p5_lr3e-04",
    "seq_len": 20,
    "proj_dim": 64,
    "hidden_size": 128,
    "num_layers": 2,
    "dropout": 0.5,
    "batch_size": 256,
    "epochs": 30,
    "lr": 0.0003,
    "weight_decay": 1e-05,
    "grad_clip": 1.0,
    "early_stop_patience": 5,
    "use_smote": false,
    "smote_sampling_strategy": 0.1,
    "val_fraction": 0.15,
    "seed": 42,
    "device": "auto",
    "subset_frac": 1.0
  },
  "n_features": 78,
  "best_val_pr_auc": 0.8279662221547861,
  "test_default_threshold": {
    "threshold": 0.5,
    "roc_auc": 0.9805072257602543,
    "pr_auc": 0.8577557072827886,
    "fraud_precision": 0.6935668062428626,
    "fraud_recall": 0.8494172494172494,
    "fraud_f1": 0.7636211232187762,
    "confusion_matrix": [
      [
        552769,
        805
      ],
      [
        323,
        1822
      ]
    ],
    "support_pos": 2145,
    "support_neg": 553574
  },
  "test_tuned_threshold": {
    "threshold": 0.8753252029418945,
    "roc_auc": 0.9805072257602543,
    "pr_auc": 0.8577557072827886,
    "fraud_precision": 0.7888143176733781,
    "fraud_recall": 0.8219114219114219,
    "fraud_f1": 0.8050228310502283,
    "confusion_matrix": [
      [
        553102,
        472
      ],
      [
        382,
        1763
      ]
    ],
    "support_pos": 2145,
    "support_neg": 553574
  }
}