{
  "config": {
    "train_csv": "data/raw/fraudTrain.csv",
    "test_csv": "data/raw/fraudTest.csv",
    "out_dir": "/home/fdu/GitHub/DeepLearningFS26/models/tuning/lstm_lr_dropout_v1/trial_003_dropout0p5_lr3e-04",
    "seq_len": 20,
    "proj_dim": 64,
    "hidden_size": 128,
    "num_layers": 2,
    "dropout": 0.5,
    "batch_size": 256,
    "epochs": 30,
    "lr": 0.0003,
    "weight_decay": 1e-05,
    "early_stop_patience": 5,
    "use_smote": false,
    "smote_sampling_strategy": 0.1,
    "val_fraction": 0.15,
    "seed": 42,
    "device": "auto",
    "subset_frac": 1.0,
    "pos_weight_override": null
  },
  "n_features": 78,
  "best_val_pr_auc": 0.979614190967494,
  "test_default_threshold": {
    "threshold": 0.5,
    "roc_auc": 0.9973716992229422,
    "pr_auc": 0.9495764038867897,
    "fraud_precision": 0.5029254022428084,
    "fraud_recall": 0.9617715617715618,
    "fraud_f1": 0.6604770289739075,
    "confusion_matrix": [
      [
        551535,
        2039
      ],
      [
        82,
        2063
      ]
    ],
    "support_pos": 2145,
    "support_neg": 553574
  },
  "test_tuned_threshold": {
    "threshold": 0.9886885285377502,
    "roc_auc": 0.9973716992229422,
    "pr_auc": 0.9495764038867897,
    "fraud_precision": 0.8869209809264306,
    "fraud_recall": 0.9104895104895104,
    "fraud_f1": 0.8985507246376812,
    "confusion_matrix": [
      [
        553325,
        249
      ],
      [
        192,
        1953
      ]
    ],
    "support_pos": 2145,
    "support_neg": 553574
  }
}