{
  "threshold": 0.8753252029418945,
  "f2_on_val": 0.8109209453952732
}