{
  "config": {
    "train_csv": "data/raw/fraudTrain.csv",
    "test_csv": "data/raw/fraudTest.csv",
    "out_dir": "/home/fdu/GitHub/DeepLearningFS26/models/tuning/lstm_no_imbalance_lr_dropout_v4/trial_001_dropout0p3_lr0p001",
    "seq_len": 20,
    "proj_dim": 64,
    "hidden_size": 128,
    "num_layers": 2,
    "dropout": 0.3,
    "batch_size": 128,
    "epochs": 30,
    "lr": 0.001,
    "weight_decay": 1e-05,
    "early_stop_patience": 5,
    "use_smote": false,
    "smote_sampling_strategy": 0.1,
    "val_fraction": 0.15,
    "seed": 42,
    "device": "auto",
    "subset_frac": 1.0,
    "pos_weight_override": 1.0
  },
  "n_features": 78,
  "best_val_pr_auc": 0.9791426333226292,
  "test_default_threshold": {
    "threshold": 0.5,
    "roc_auc": 0.9986204614198342,
    "pr_auc": 0.9729075102605534,
    "fraud_precision": 0.976488244122061,
    "fraud_recall": 0.91002331002331,
    "fraud_f1": 0.9420849420849421,
    "confusion_matrix": [
      [
        553527,
        47
      ],
      [
        193,
        1952
      ]
    ],
    "support_pos": 2145,
    "support_neg": 553574
  },
  "test_tuned_threshold": {
    "threshold": 0.1985689252614975,
    "roc_auc": 0.9986204614198342,
    "pr_auc": 0.9729075102605534,
    "fraud_precision": 0.9321329639889196,
    "fraud_recall": 0.9412587412587412,
    "fraud_f1": 0.9366736256089074,
    "confusion_matrix": [
      [
        553427,
        147
      ],
      [
        126,
        2019
      ]
    ],
    "support_pos": 2145,
    "support_neg": 553574
  }
}