{
  "threshold": 0.1985689252614975,
  "f2_on_val": 0.9488666315234582
}