{
  "config": {
    "train_csv": "data/raw/fraudTrain.csv",
    "test_csv": "data/raw/fraudTest.csv",
    "out_dir": "/home/fdu/GitHub/DeepLearningFS26/models/tuning/lstm_no_imbalance_lr_dropout_v4/trial_003_dropout0p5_lr3e-04",
    "seq_len": 20,
    "proj_dim": 64,
    "hidden_size": 128,
    "num_layers": 2,
    "dropout": 0.5,
    "batch_size": 128,
    "epochs": 30,
    "lr": 0.0003,
    "weight_decay": 1e-05,
    "early_stop_patience": 5,
    "use_smote": false,
    "smote_sampling_strategy": 0.1,
    "val_fraction": 0.15,
    "seed": 42,
    "device": "auto",
    "subset_frac": 1.0,
    "pos_weight_override": 1.0
  },
  "n_features": 78,
  "best_val_pr_auc": 0.9859775984293515,
  "test_default_threshold": {
    "threshold": 0.5,
    "roc_auc": 0.9980904126600998,
    "pr_auc": 0.9704041544252818,
    "fraud_precision": 0.964390243902439,
    "fraud_recall": 0.9216783216783216,
    "fraud_f1": 0.9425506555423123,
    "confusion_matrix": [
      [
        553501,
        73
      ],
      [
        168,
        1977
      ]
    ],
    "support_pos": 2145,
    "support_neg": 553574
  },
  "test_tuned_threshold": {
    "threshold": 0.17196406424045563,
    "roc_auc": 0.9980904126600998,
    "pr_auc": 0.9704041544252818,
    "fraud_precision": 0.9271217712177122,
    "fraud_recall": 0.9370629370629371,
    "fraud_f1": 0.9320658474379782,
    "confusion_matrix": [
      [
        553416,
        158
      ],
      [
        135,
        2010
      ]
    ],
    "support_pos": 2145,
    "support_neg": 553574
  }
}