{
  "threshold": 0.17196406424045563,
  "f2_on_val": 0.9590120861797162
}