{
  "config": {
    "train_csv": "data/raw/fraudTrain.csv",
    "test_csv": "data/raw/fraudTest.csv",
    "out_dir": "/home/fdu/GitHub/DeepLearningFS26/models/tuning/lstm_no_imbalance_lr_dropout_v4/trial_000_dropout0p3_lr3e-04",
    "seq_len": 20,
    "proj_dim": 64,
    "hidden_size": 128,
    "num_layers": 2,
    "dropout": 0.3,
    "batch_size": 128,
    "epochs": 30,
    "lr": 0.0003,
    "weight_decay": 1e-05,
    "early_stop_patience": 5,
    "use_smote": false,
    "smote_sampling_strategy": 0.1,
    "val_fraction": 0.15,
    "seed": 42,
    "device": "auto",
    "subset_frac": 1.0,
    "pos_weight_override": 1.0
  },
  "n_features": 78,
  "best_val_pr_auc": 0.9867570769181445,
  "test_default_threshold": {
    "threshold": 0.5,
    "roc_auc": 0.9977023629700597,
    "pr_auc": 0.9691337434924702,
    "fraud_precision": 0.9741935483870968,
    "fraud_recall": 0.9151515151515152,
    "fraud_f1": 0.94375,
    "confusion_matrix": [
      [
        553522,
        52
      ],
      [
        182,
        1963
      ]
    ],
    "support_pos": 2145,
    "support_neg": 553574
  },
  "test_tuned_threshold": {
    "threshold": 0.027724750339984894,
    "roc_auc": 0.9977023629700597,
    "pr_auc": 0.9691337434924702,
    "fraud_precision": 0.9135135135135135,
    "fraud_recall": 0.9454545454545454,
    "fraud_f1": 0.9292096219931272,
    "confusion_matrix": [
      [
        553382,
        192
      ],
      [
        117,
        2028
      ]
    ],
    "support_pos": 2145,
    "support_neg": 553574
  }
}