{
  "threshold": 0.027724750339984894,
  "f2_on_val": 0.9649737302977233
}