{
  "threshold": 0.975846529006958,
  "f2_on_val": 0.8014646053702198
}