{
  "config": {
    "train_csv": "data/raw/fraudTrain.csv",
    "test_csv": "data/raw/fraudTest.csv",
    "out_dir": "/home/fdu/GitHub/DeepLearningFS26/models/tuning/lstm_no_imbalance_lr_dropout_v1/trial_004_dropout0p5_lr0p001",
    "seq_len": 20,
    "proj_dim": 64,
    "hidden_size": 128,
    "num_layers": 2,
    "dropout": 0.5,
    "batch_size": 256,
    "epochs": 30,
    "lr": 0.001,
    "weight_decay": 1e-05,
    "early_stop_patience": 5,
    "use_smote": false,
    "smote_sampling_strategy": 0.1,
    "val_fraction": 0.15,
    "seed": 42,
    "device": "auto",
    "subset_frac": 1.0,
    "pos_weight_override": 1.0
  },
  "n_features": 78,
  "best_val_pr_auc": 0.985655316377053,
  "test_default_threshold": {
    "threshold": 0.5,
    "roc_auc": 0.9974396417000296,
    "pr_auc": 0.9595590585852826,
    "fraud_precision": 0.9707486365889936,
    "fraud_recall": 0.9128205128205128,
    "fraud_f1": 0.940893801057184,
    "confusion_matrix": [
      [
        553515,
        59
      ],
      [
        187,
        1958
      ]
    ],
    "support_pos": 2145,
    "support_neg": 553574
  },
  "test_tuned_threshold": {
    "threshold": 0.13873685896396637,
    "roc_auc": 0.9974396417000296,
    "pr_auc": 0.9595590585852826,
    "fraud_precision": 0.928538283062645,
    "fraud_recall": 0.9328671328671329,
    "fraud_f1": 0.9306976744186046,
    "confusion_matrix": [
      [
        553420,
        154
      ],
      [
        144,
        2001
      ]
    ],
    "support_pos": 2145,
    "support_neg": 553574
  }
}