{
  "threshold": 0.13873685896396637,
  "f2_on_val": 0.959445224719101
}