{
  "config": {
    "train_csv": "data/raw/fraudTrain.csv",
    "test_csv": "data/raw/fraudTest.csv",
    "out_dir": "/home/fdu/GitHub/DeepLearningFS26/models/tuning/lstm_smote_lr_dropout_v1/trial_003_dropout0p5_lr3e-04",
    "seq_len": 20,
    "proj_dim": 64,
    "hidden_size": 128,
    "num_layers": 2,
    "dropout": 0.5,
    "batch_size": 256,
    "epochs": 30,
    "lr": 0.0003,
    "weight_decay": 1e-05,
    "grad_clip": 1.0,
    "early_stop_patience": 5,
    "use_smote": true,
    "smote_sampling_strategy": 0.1,
    "val_fraction": 0.15,
    "seed": 42,
    "device": "auto",
    "subset_frac": 1.0,
    "pos_weight_override": null
  },
  "n_features": 78,
  "best_val_pr_auc": 0.7951344342376838,
  "test_default_threshold": {
    "threshold": 0.5,
    "roc_auc": 0.9713206981346382,
    "pr_auc": 0.6550930455068147,
    "fraud_precision": 0.586856425282545,
    "fraud_recall": 0.6536130536130537,
    "fraud_f1": 0.6184384649316277,
    "confusion_matrix": [
      [
        552587,
        987
      ],
      [
        743,
        1402
      ]
    ],
    "support_pos": 2145,
    "support_neg": 553574
  },
  "test_tuned_threshold": {
    "threshold": 0.13004623353481293,
    "roc_auc": 0.9713206981346382,
    "pr_auc": 0.6550930455068147,
    "fraud_precision": 0.45896197948098977,
    "fraud_recall": 0.7090909090909091,
    "fraud_f1": 0.5572449166514013,
    "confusion_matrix": [
      [
        551781,
        1793
      ],
      [
        624,
        1521
      ]
    ],
    "support_pos": 2145,
    "support_neg": 553574
  }
}