{
  "threshold": 0.13004623353481293,
  "f2_on_val": 0.7430213464696225
}