{
  "config": {
    "train_csv": "data/raw/fraudTrain.csv",
    "test_csv": "data/raw/fraudTest.csv",
    "out_dir": "/home/fdu/GitHub/DeepLearningFS26/models/tuning/lstm_lr_dropout_v1/trial_002_dropout0p3_lr0p003",
    "seq_len": 20,
    "proj_dim": 64,
    "hidden_size": 128,
    "num_layers": 2,
    "dropout": 0.3,
    "batch_size": 256,
    "epochs": 30,
    "lr": 0.003,
    "weight_decay": 1e-05,
    "early_stop_patience": 5,
    "use_smote": false,
    "smote_sampling_strategy": 0.1,
    "val_fraction": 0.15,
    "seed": 42,
    "device": "auto",
    "subset_frac": 1.0,
    "pos_weight_override": null
  },
  "n_features": 78,
  "best_val_pr_auc": 0.9617088920236233,
  "test_default_threshold": {
    "threshold": 0.5,
    "roc_auc": 0.9975577927716215,
    "pr_auc": 0.935176855275085,
    "fraud_precision": 0.2863798300904357,
    "fraud_recall": 0.9743589743589743,
    "fraud_f1": 0.4426559356136821,
    "confusion_matrix": [
      [
        548366,
        5208
      ],
      [
        55,
        2090
      ]
    ],
    "support_pos": 2145,
    "support_neg": 553574
  },
  "test_tuned_threshold": {
    "threshold": 0.9638988971710205,
    "roc_auc": 0.9975577927716215,
    "pr_auc": 0.935176855275085,
    "fraud_precision": 0.749904397705545,
    "fraud_recall": 0.9142191142191142,
    "fraud_f1": 0.8239495798319327,
    "confusion_matrix": [
      [
        552920,
        654
      ],
      [
        184,
        1961
      ]
    ],
    "support_pos": 2145,
    "support_neg": 553574
  }
}