{
  "threshold": 0.9638988971710205,
  "f2_on_val": 0.9111073195700391
}