{
  "threshold": 0.09492500126361847,
  "f2_on_val": 0.9494896163322774
}