{
  "threshold": 0.9701560735702515,
  "f2_on_val": 0.8448979591836735
}