{
  "threshold": 0.012276333756744862,
  "f2_on_val": 0.799347471451876
}