{
  "threshold": 0.03417668119072914,
  "f2_on_val": 0.9638238378189445
}