{
  "config": {
    "train_csv": "data/raw/fraudTrain.csv",
    "test_csv": "data/raw/fraudTest.csv",
    "out_dir": "/home/fdu/GitHub/DeepLearningFS26/models/tuning/lstm_lr_dropout_v1/trial_001_dropout0p3_lr0p001",
    "seq_len": 20,
    "proj_dim": 64,
    "hidden_size": 128,
    "num_layers": 2,
    "dropout": 0.3,
    "batch_size": 256,
    "epochs": 30,
    "lr": 0.001,
    "weight_decay": 1e-05,
    "early_stop_patience": 5,
    "use_smote": false,
    "smote_sampling_strategy": 0.1,
    "val_fraction": 0.15,
    "seed": 42,
    "device": "auto",
    "subset_frac": 1.0,
    "pos_weight_override": null
  },
  "n_features": 78,
  "best_val_pr_auc": 0.9732150628542157,
  "test_default_threshold": {
    "threshold": 0.5,
    "roc_auc": 0.9968742451835949,
    "pr_auc": 0.9496252821213751,
    "fraud_precision": 0.32091734646760045,
    "fraud_recall": 0.972027972027972,
    "fraud_f1": 0.4825271927794492,
    "confusion_matrix": [
      [
        549162,
        4412
      ],
      [
        60,
        2085
      ]
    ],
    "support_pos": 2145,
    "support_neg": 553574
  },
  "test_tuned_threshold": {
    "threshold": 0.9820885062217712,
    "roc_auc": 0.9968742451835949,
    "pr_auc": 0.9496252821213751,
    "fraud_precision": 0.8633975481611208,
    "fraud_recall": 0.9193473193473194,
    "fraud_f1": 0.8904944682772635,
    "confusion_matrix": [
      [
        553262,
        312
      ],
      [
        173,
        1972
      ]
    ],
    "support_pos": 2145,
    "support_neg": 553574
  }
}