{
  "threshold": 0.9820885062217712,
  "f2_on_val": 0.9331817386741299
}