{
  "config": {
    "train_csv": "data/raw/fraudTrain.csv",
    "test_csv": "data/raw/fraudTest.csv",
    "out_dir": "/home/fdu/GitHub/DeepLearningFS26/models/tuning/lstm_no_imbalance_lr_dropout_v4/trial_002_dropout0p3_lr0p003",
    "seq_len": 20,
    "proj_dim": 64,
    "hidden_size": 128,
    "num_layers": 2,
    "dropout": 0.3,
    "batch_size": 128,
    "epochs": 30,
    "lr": 0.003,
    "weight_decay": 1e-05,
    "early_stop_patience": 5,
    "use_smote": false,
    "smote_sampling_strategy": 0.1,
    "val_fraction": 0.15,
    "seed": 42,
    "device": "auto",
    "subset_frac": 1.0,
    "pos_weight_override": 1.0
  },
  "n_features": 78,
  "best_val_pr_auc": 0.9723159216362387,
  "test_default_threshold": {
    "threshold": 0.5,
    "roc_auc": 0.9964458890712652,
    "pr_auc": 0.9541543959855658,
    "fraud_precision": 0.9720905739863086,
    "fraud_recall": 0.8606060606060606,
    "fraud_f1": 0.9129574678536103,
    "confusion_matrix": [
      [
        553521,
        53
      ],
      [
        299,
        1846
      ]
    ],
    "support_pos": 2145,
    "support_neg": 553574
  },
  "test_tuned_threshold": {
    "threshold": 0.09793082624673843,
    "roc_auc": 0.9964458890712652,
    "pr_auc": 0.9541543959855658,
    "fraud_precision": 0.9222431668237512,
    "fraud_recall": 0.9123543123543123,
    "fraud_f1": 0.9172720881181158,
    "confusion_matrix": [
      [
        553409,
        165
      ],
      [
        188,
        1957
      ]
    ],
    "support_pos": 2145,
    "support_neg": 553574
  }
}