{
  "threshold": 0.09793082624673843,
  "f2_on_val": 0.9358996998057568
}