{
  "config": {
    "train_csv": "data/raw/fraudTrain.csv",
    "test_csv": "data/raw/fraudTest.csv",
    "out_dir": "/home/fdu/GitHub/DeepLearningFS26/models/tuning/lstm_no_imbalance_lr_dropout_v1/trial_002_dropout0p3_lr0p003",
    "seq_len": 20,
    "proj_dim": 64,
    "hidden_size": 128,
    "num_layers": 2,
    "dropout": 0.3,
    "batch_size": 256,
    "epochs": 30,
    "lr": 0.003,
    "weight_decay": 1e-05,
    "early_stop_patience": 5,
    "use_smote": false,
    "smote_sampling_strategy": 0.1,
    "val_fraction": 0.15,
    "seed": 42,
    "device": "auto",
    "subset_frac": 1.0,
    "pos_weight_override": 1.0
  },
  "n_features": 78,
  "best_val_pr_auc": 0.9836441094485079,
  "test_default_threshold": {
    "threshold": 0.5,
    "roc_auc": 0.9980206927944718,
    "pr_auc": 0.9652035755472357,
    "fraud_precision": 0.9813036887316827,
    "fraud_recall": 0.9053613053613053,
    "fraud_f1": 0.94180407371484,
    "confusion_matrix": [
      [
        553537,
        37
      ],
      [
        203,
        1942
      ]
    ],
    "support_pos": 2145,
    "support_neg": 553574
  },
  "test_tuned_threshold": {
    "threshold": 0.08638246357440948,
    "roc_auc": 0.9980206927944718,
    "pr_auc": 0.9652035755472357,
    "fraud_precision": 0.8874288217257994,
    "fraud_recall": 0.9445221445221446,
    "fraud_f1": 0.9150858175248419,
    "confusion_matrix": [
      [
        553317,
        257
      ],
      [
        119,
        2026
      ]
    ],
    "support_pos": 2145,
    "support_neg": 553574
  }
}