{
  "threshold": 0.08638246357440948,
  "f2_on_val": 0.9506796793307772
}