{
  "config": {
    "train_csv": "data/raw/fraudTrain.csv",
    "test_csv": "data/raw/fraudTest.csv",
    "out_dir": "models/lstm_smote",
    "seq_len": 20,
    "proj_dim": 64,
    "hidden_size": 128,
    "num_layers": 2,
    "dropout": 0.3,
    "batch_size": 128,
    "epochs": 30,
    "lr": 0.0003,
    "weight_decay": 1e-05,
    "early_stop_patience": 5,
    "use_smote": true,
    "smote_sampling_strategy": 0.1,
    "val_fraction": 0.15,
    "seed": 42,
    "device": "auto",
    "subset_frac": 0.5,
    "pos_weight_override": null
  },
  "n_features": 78,
  "best_val_pr_auc": 0.8761447217150854,
  "test_default_threshold": {
    "threshold": 0.5,
    "roc_auc": 0.9881258196209766,
    "pr_auc": 0.890348187458159,
    "fraud_precision": 0.927027027027027,
    "fraud_recall": 0.7995337995337995,
    "fraud_f1": 0.8585732165206508,
    "confusion_matrix": [
      [
        553439,
        135
      ],
      [
        430,
        1715
      ]
    ],
    "support_pos": 2145,
    "support_neg": 553574
  },
  "test_tuned_threshold": {
    "threshold": 0.1274263858795166,
    "roc_auc": 0.9881258196209766,
    "pr_auc": 0.890348187458159,
    "fraud_precision": 0.8015597920277296,
    "fraud_recall": 0.8624708624708625,
    "fraud_f1": 0.8309005165057265,
    "confusion_matrix": [
      [
        553116,
        458
      ],
      [
        295,
        1850
      ]
    ],
    "support_pos": 2145,
    "support_neg": 553574
  }
}