{
  "config": {
    "train_csv": "data/raw/fraudTrain.csv",
    "test_csv": "data/raw/fraudTest.csv",
    "out_dir": "models/lstm_smote",
    "seq_len": 20,
    "proj_dim": 64,
    "hidden_size": 128,
    "num_layers": 2,
    "dropout": 0.5,
    "batch_size": 256,
    "epochs": 30,
    "lr": 0.0003,
    "weight_decay": 1e-05,
    "early_stop_patience": 5,
    "use_smote": true,
    "smote_sampling_strategy": 0.1,
    "val_fraction": 0.15,
    "seed": 42,
    "device": "auto",
    "subset_frac": 0.5,
    "pos_weight_override": null
  },
  "n_features": 78,
  "best_val_pr_auc": 0.8407828130144002,
  "test_default_threshold": {
    "threshold": 0.5,
    "roc_auc": 0.9859828583444576,
    "pr_auc": 0.8788056725423287,
    "fraud_precision": 0.928133704735376,
    "fraud_recall": 0.7766899766899766,
    "fraud_f1": 0.8456852791878172,
    "confusion_matrix": [
      [
        553445,
        129
      ],
      [
        479,
        1666
      ]
    ],
    "support_pos": 2145,
    "support_neg": 553574
  },
  "test_tuned_threshold": {
    "threshold": 0.074519082903862,
    "roc_auc": 0.9859828583444576,
    "pr_auc": 0.8788056725423287,
    "fraud_precision": 0.7830710336027222,
    "fraud_recall": 0.8582750582750582,
    "fraud_f1": 0.818950177935943,
    "confusion_matrix": [
      [
        553064,
        510
      ],
      [
        304,
        1841
      ]
    ],
    "support_pos": 2145,
    "support_neg": 553574
  }
}