{
  "config": {
    "train_csv": "data/raw/fraudTrain.csv",
    "test_csv": "data/raw/fraudTest.csv",
    "out_dir": "models/lstm_smote",
    "seq_len": 20,
    "proj_dim": 64,
    "hidden_size": 128,
    "num_layers": 2,
    "dropout": 0.3,
    "batch_size": 256,
    "epochs": 30,
    "lr": 0.0003,
    "weight_decay": 1e-05,
    "early_stop_patience": 5,
    "use_smote": true,
    "smote_sampling_strategy": 0.1,
    "val_fraction": 0.15,
    "seed": 42,
    "device": "auto",
    "subset_frac": 0.5,
    "pos_weight_override": null
  },
  "n_features": 78,
  "best_val_pr_auc": 0.8592608519017186,
  "test_default_threshold": {
    "threshold": 0.5,
    "roc_auc": 0.9852342935383325,
    "pr_auc": 0.8813488358561257,
    "fraud_precision": 0.8982511923688394,
    "fraud_recall": 0.7902097902097902,
    "fraud_f1": 0.8407738095238095,
    "confusion_matrix": [
      [
        553382,
        192
      ],
      [
        450,
        1695
      ]
    ],
    "support_pos": 2145,
    "support_neg": 553574
  },
  "test_tuned_threshold": {
    "threshold": 0.11776169389486313,
    "roc_auc": 0.9852342935383325,
    "pr_auc": 0.8813488358561257,
    "fraud_precision": 0.7748735244519392,
    "fraud_recall": 0.8568764568764569,
    "fraud_f1": 0.813814478636263,
    "confusion_matrix": [
      [
        553040,
        534
      ],
      [
        307,
        1838
      ]
    ],
    "support_pos": 2145,
    "support_neg": 553574
  }
}