{
  "threshold": 0.1274263858795166,
  "f2_on_val": 0.8422876949740035
}