{
  "threshold": 0.074519082903862,
  "f2_on_val": 0.7997970916469395
}