{
  "threshold": 0.11776169389486313,
  "f2_on_val": 0.820114748565643
}