{
  "threshold": 0.14356498420238495,
  "f2_on_val": 0.810077519379845
}