{
  "threshold": 0.1812935471534729,
  "f2_on_val": 0.8672638436482085
}