{
  "config": {
    "train_csv": "data/raw/fraudTrain.csv",
    "test_csv": "data/raw/fraudTest.csv",
    "out_dir": "models/lstm_no_imbalance",
    "seq_len": 20,
    "proj_dim": 64,
    "hidden_size": 128,
    "num_layers": 2,
    "dropout": 0.3,
    "batch_size": 256,
    "epochs": 30,
    "lr": 0.001,
    "weight_decay": 1e-05,
    "grad_clip": 1.0,
    "early_stop_patience": 5,
    "use_smote": false,
    "smote_sampling_strategy": 0.1,
    "val_fraction": 0.15,
    "seed": 42,
    "device": "auto",
    "subset_frac": 1.0,
    "pos_weight_override": 1.0
  },
  "n_features": 78,
  "best_val_pr_auc": 0.9096321615548947,
  "test_default_threshold": {
    "threshold": 0.5,
    "roc_auc": 0.9937061147463008,
    "pr_auc": 0.930560585412436,
    "fraud_precision": 0.9459459459459459,
    "fraud_recall": 0.8648018648018648,
    "fraud_f1": 0.9035557720409158,
    "confusion_matrix": [
      [
        553468,
        106
      ],
      [
        290,
        1855
      ]
    ],
    "support_pos": 2145,
    "support_neg": 553574
  },
  "test_tuned_threshold": {
    "threshold": 0.1812935471534729,
    "roc_auc": 0.9937061147463008,
    "pr_auc": 0.930560585412436,
    "fraud_precision": 0.8584189370254578,
    "fraud_recall": 0.896037296037296,
    "fraud_f1": 0.8768248175182481,
    "confusion_matrix": [
      [
        553257,
        317
      ],
      [
        223,
        1922
      ]
    ],
    "support_pos": 2145,
    "support_neg": 553574
  }
}