{
  "threshold": 0.15926647186279297,
  "f2_on_val": 0.9653291094684968
}