{
  "config": {
    "train_csv": "data/raw/fraudTrain.csv",
    "test_csv": "data/raw/fraudTest.csv",
    "out_dir": "models/_smoke",
    "seq_len": 20,
    "proj_dim": 64,
    "hidden_size": 64,
    "num_layers": 1,
    "dropout": 0.2,
    "batch_size": 128,
    "epochs": 1,
    "lr": 0.001,
    "weight_decay": 1e-05,
    "early_stop_patience": 5,
    "use_smote": false,
    "smote_sampling_strategy": 0.1,
    "val_fraction": 0.15,
    "seed": 42,
    "device": "auto",
    "subset_frac": 0.02,
    "pos_weight_override": null
  },
  "n_features": 77,
  "best_val_pr_auc": 0.1246483349858394,
  "test_default_threshold": {
    "threshold": 0.5,
    "roc_auc": 0.9532227911353375,
    "pr_auc": 0.28914267825454426,
    "fraud_precision": 0.06043085987847542,
    "fraud_recall": 0.765034965034965,
    "fraud_f1": 0.11201365187713311,
    "confusion_matrix": [
      [
        528060,
        25514
      ],
      [
        504,
        1641
      ]
    ],
    "support_pos": 2145,
    "support_neg": 553574
  },
  "test_tuned_threshold": {
    "threshold": 0.9228329658508301,
    "roc_auc": 0.9532227911353375,
    "pr_auc": 0.28914267825454426,
    "fraud_precision": 0.25746009715475365,
    "fraud_recall": 0.5188811188811189,
    "fraud_f1": 0.34415584415584416,
    "confusion_matrix": [
      [
        550364,
        3210
      ],
      [
        1032,
        1113
      ]
    ],
    "support_pos": 2145,
    "support_neg": 553574
  }
}