{
  "threshold": 0.9228329658508301,
  "f2_on_val": 0.3703703703703704
}