{
  "config": {
    "train_csv": "data/raw/fraudTrain.csv",
    "test_csv": "data/raw/fraudTest.csv",
    "out_dir": "/home/fdu/GitHub/DeepLearningFS26/models/tuning/lstm_smote_lr_dropout_v1/trial_005_dropout0p5_lr0p003",
    "seq_len": 20,
    "proj_dim": 64,
    "hidden_size": 128,
    "num_layers": 2,
    "dropout": 0.5,
    "batch_size": 256,
    "epochs": 30,
    "lr": 0.003,
    "weight_decay": 1e-05,
    "grad_clip": 1.0,
    "early_stop_patience": 5,
    "use_smote": true,
    "smote_sampling_strategy": 0.1,
    "val_fraction": 0.15,
    "seed": 42,
    "device": "auto",
    "subset_frac": 1.0,
    "pos_weight_override": null
  },
  "n_features": 78,
  "best_val_pr_auc": 0.8614371016028943,
  "test_default_threshold": {
    "threshold": 0.5,
    "roc_auc": 0.9816254974887786,
    "pr_auc": 0.8614066761109967,
    "fraud_precision": 0.6268055089015788,
    "fraud_recall": 0.8699300699300699,
    "fraud_f1": 0.7286216321749317,
    "confusion_matrix": [
      [
        552463,
        1111
      ],
      [
        279,
        1866
      ]
    ],
    "support_pos": 2145,
    "support_neg": 553574
  },
  "test_tuned_threshold": {
    "threshold": 0.8400796055793762,
    "roc_auc": 0.9816254974887786,
    "pr_auc": 0.8614066761109967,
    "fraud_precision": 0.8142127264282397,
    "fraud_recall": 0.8172494172494172,
    "fraud_f1": 0.8157282456956724,
    "confusion_matrix": [
      [
        553174,
        400
      ],
      [
        392,
        1753
      ]
    ],
    "support_pos": 2145,
    "support_neg": 553574
  }
}