{
  "threshold": 0.8400796055793762,
  "f2_on_val": 0.8205335489086498
}