{
  "config": {
    "train_csv": "data/raw/fraudTrain.csv",
    "test_csv": "data/raw/fraudTest.csv",
    "out_dir": "/home/fdu/GitHub/DeepLearningFS26/models/tuning/lstm_lr_dropout_v1/trial_004_dropout0p5_lr0p001",
    "seq_len": 20,
    "proj_dim": 64,
    "hidden_size": 128,
    "num_layers": 2,
    "dropout": 0.5,
    "batch_size": 256,
    "epochs": 30,
    "lr": 0.001,
    "weight_decay": 1e-05,
    "early_stop_patience": 5,
    "use_smote": false,
    "smote_sampling_strategy": 0.1,
    "val_fraction": 0.15,
    "seed": 42,
    "device": "auto",
    "subset_frac": 1.0,
    "pos_weight_override": null
  },
  "n_features": 78,
  "best_val_pr_auc": 0.9738177970375305,
  "test_default_threshold": {
    "threshold": 0.5,
    "roc_auc": 0.9966292384263604,
    "pr_auc": 0.9490611405729127,
    "fraud_precision": 0.47223497016980265,
    "fraud_recall": 0.9594405594405594,
    "fraud_f1": 0.6329386437029063,
    "confusion_matrix": [
      [
        551274,
        2300
      ],
      [
        87,
        2058
      ]
    ],
    "support_pos": 2145,
    "support_neg": 553574
  },
  "test_tuned_threshold": {
    "threshold": 0.9818520545959473,
    "roc_auc": 0.9966292384263604,
    "pr_auc": 0.9490611405729127,
    "fraud_precision": 0.8902439024390244,
    "fraud_recall": 0.9188811188811189,
    "fraud_f1": 0.9043358568479009,
    "confusion_matrix": [
      [
        553331,
        243
      ],
      [
        174,
        1971
      ]
    ],
    "support_pos": 2145,
    "support_neg": 553574
  }
}