{
  "threshold": 0.9818520545959473,
  "f2_on_val": 0.9360210341805432
}