{
  "threshold": 0.36474835872650146,
  "f2_on_val": 0.8414634146341464
}