{
  "threshold": 0.2273329645395279,
  "f2_on_val": 0.9548580497266795
}