{
  "config": {
    "train_csv": "data/raw/fraudTrain.csv",
    "test_csv": "data/raw/fraudTest.csv",
    "out_dir": "/home/fdu/GitHub/DeepLearningFS26/models/tuning/lstm_no_imbalance_lr_dropout_v1/trial_003_dropout0p5_lr3e-04",
    "seq_len": 20,
    "proj_dim": 64,
    "hidden_size": 128,
    "num_layers": 2,
    "dropout": 0.5,
    "batch_size": 256,
    "epochs": 30,
    "lr": 0.0003,
    "weight_decay": 1e-05,
    "early_stop_patience": 5,
    "use_smote": false,
    "smote_sampling_strategy": 0.1,
    "val_fraction": 0.15,
    "seed": 42,
    "device": "auto",
    "subset_frac": 1.0,
    "pos_weight_override": 1.0
  },
  "n_features": 78,
  "best_val_pr_auc": 0.9857313433095466,
  "test_default_threshold": {
    "threshold": 0.5,
    "roc_auc": 0.9976442653979893,
    "pr_auc": 0.9679828697355749,
    "fraud_precision": 0.9711442786069652,
    "fraud_recall": 0.91002331002331,
    "fraud_f1": 0.9395908543922984,
    "confusion_matrix": [
      [
        553516,
        58
      ],
      [
        193,
        1952
      ]
    ],
    "support_pos": 2145,
    "support_neg": 553574
  },
  "test_tuned_threshold": {
    "threshold": 0.15926647186279297,
    "roc_auc": 0.9976442653979893,
    "pr_auc": 0.9679828697355749,
    "fraud_precision": 0.9348030018761726,
    "fraud_recall": 0.9291375291375291,
    "fraud_f1": 0.9319616553659107,
    "confusion_matrix": [
      [
        553435,
        139
      ],
      [
        152,
        1993
      ]
    ],
    "support_pos": 2145,
    "support_neg": 553574
  }
}